email,firstname,lastname,company,jobtitle,persona_segment
mason.martin.agency_founder_owner.1@example.com,Mason,Martin,PixelCreative,Founder,Agency Founder / Owner
nora.smith.agency_founder_owner.2@example.com,Nora,Smith,SummitCo,Managing Partner,Agency Founder / Owner
lily.wright.agency_founder_owner.3@example.com,Lily,Wright,StudioFlow,Agency Principal,Agency Founder / Owner
layla.taylor.agency_founder_owner.4@example.com,Layla,Taylor,PeakPartners,Managing Partner,Agency Founder / Owner
ethan.moore.agency_founder_owner.5@example.com,Ethan,Moore,AtelierLane,Founder,Agency Founder / Owner
amelia.nelson.agency_founder_owner.6@example.com,Amelia,Nelson,BrightCollective,Managing Partner,Agency Founder / Owner
henry.baker.agency_founder_owner.7@example.com,Henry,Baker,SignalLane,Managing Partner,Agency Founder / Owner
emma.nelson.agency_founder_owner.8@example.com,Emma,Nelson,SignalCo,Owner,Agency Founder / Owner
charlotte.moore.agency_founder_owner.9@example.com,Charlotte,Moore,ShiftFrame,Managing Partner,Agency Founder / Owner
james.lopez.agency_founder_owner.10@example.com,James,Lopez,FrameMedia,Managing Partner,Agency Founder / Owner
evelyn.young.agency_founder_owner.11@example.com,Evelyn,Young,RiverLab,Owner,Agency Founder / Owner
daniel.clark.agency_founder_owner.12@example.com,Daniel,Clark,WildFlow,Founder,Agency Founder / Owner
logan.clark.agency_founder_owner.13@example.com,Logan,Clark,PeakLane,Managing Partner,Agency Founder / Owner
sebastian.king.agency_founder_owner.14@example.com,Sebastian,King,StudioCo,Agency Principal,Agency Founder / Owner
daniel.wilson.agency_founder_owner.15@example.com,Daniel,Wilson,RiverHouse,Agency Principal,Agency Founder / Owner
oliver.king.agency_founder_owner.16@example.com,Oliver,King,ShiftGroup,Owner,Agency Founder / Owner
ava.adams.agency_founder_owner.17@example.com,Ava,Adams,EchoCollective,Owner,Agency Founder / Owner
jack.garcia.agency_founder_owner.18@example.com,Jack,Garcia,EchoStudio,Owner,Agency Founder / Owner
lucas.green.agency_founder_owner.19@example.com,Lucas,Green,OrbitSignal,Founder,Agency Founder / Owner
benjamin.king.agency_founder_owner.20@example.com,Benjamin,King,EchoLab,Agency Principal,Agency Founder / Owner
lily.king.agency_founder_owner.21@example.com,Lily,King,CraftCollective,Managing Partner,Agency Founder / Owner
isabella.martin.agency_founder_owner.22@example.com,Isabella,Martin,RiverCo,Owner,Agency Founder / Owner
layla.allen.agency_founder_owner.23@example.com,Layla,Allen,PeakPartners,Managing Partner,Agency Founder / Owner
liam.smith.agency_founder_owner.24@example.com,Liam,Smith,BlueCreative,Owner,Agency Founder / Owner
lily.baker.agency_founder_owner.25@example.com,Lily,Baker,StudioLab,Agency Principal,Agency Founder / Owner
evelyn.lopez.agency_founder_owner.26@example.com,Evelyn,Lopez,LumenCreative,Agency Principal,Agency Founder / Owner
sebastian.nelson.agency_founder_owner.27@example.com,Sebastian,Nelson,NovaMedia,Agency Principal,Agency Founder / Owner
oliver.allen.agency_founder_owner.28@example.com,Oliver,Allen,NorthSignal,Founder,Agency Founder / Owner
charlotte.king.agency_founder_owner.29@example.com,Charlotte,King,PixelBridge,Founder,Agency Founder / Owner
william.brown.agency_founder_owner.30@example.com,William,Brown,PixelSignal,Founder,Agency Founder / Owner
alex.lopez.agency_founder_owner.31@example.com,Alex,Lopez,PixelFrame,Managing Partner,Agency Founder / Owner
liam.hall.agency_founder_owner.32@example.com,Liam,Hall,BlueCo,Managing Partner,Agency Founder / Owner
gabriel.thomas.agency_founder_owner.33@example.com,Gabriel,Thomas,EchoCo,Agency Principal,Agency Founder / Owner
oliver.baker.agency_founder_owner.34@example.com,Oliver,Baker,RiverOrbit,Managing Partner,Agency Founder / Owner
grace.green.agency_founder_owner.35@example.com,Grace,Green,ShiftWorks,Agency Principal,Agency Founder / Owner
nora.hall.agency_founder_owner.36@example.com,Nora,Hall,SignalGroup,Founder,Agency Founder / Owner
isabella.thomas.agency_founder_owner.37@example.com,Isabella,Thomas,RiverPartners,Owner,Agency Founder / Owner
owen.adams.agency_founder_owner.38@example.com,Owen,Adams,BrightSignal,Agency Principal,Agency Founder / Owner
ava.adams.agency_founder_owner.39@example.com,Ava,Adams,NorthLane,Agency Principal,Agency Founder / Owner
james.king.agency_founder_owner.40@example.com,James,King,WildFlow,Owner,Agency Founder / Owner
liam.thomas.agency_founder_owner.41@example.com,Liam,Thomas,NorthFlow,Founder,Agency Founder / Owner
gabriel.davis.agency_founder_owner.42@example.com,Gabriel,Davis,AtelierCo,Agency Principal,Agency Founder / Owner
lily.baker.agency_founder_owner.43@example.com,Lily,Baker,EchoGroup,Agency Principal,Agency Founder / Owner
grace.lopez.agency_founder_owner.44@example.com,Grace,Lopez,ShiftFlow,Managing Partner,Agency Founder / Owner
sophia.martinez.agency_founder_owner.45@example.com,Sophia,Martinez,SummitOrbit,Owner,Agency Founder / Owner
mila.martin.agency_founder_owner.46@example.com,Mila,Martin,EchoFlow,Agency Principal,Agency Founder / Owner
julian.clark.agency_founder_owner.47@example.com,Julian,Clark,NorthStudio,Owner,Agency Founder / Owner
daniel.white.agency_founder_owner.48@example.com,Daniel,White,SignalHouse,Managing Partner,Agency Founder / Owner
evelyn.martinez.agency_founder_owner.49@example.com,Evelyn,Martinez,MotionLane,Managing Partner,Agency Founder / Owner
leo.thomas.agency_founder_owner.50@example.com,Leo,Thomas,WildSignal,Owner,Agency Founder / Owner
leo.brown.agency_founder_owner.51@example.com,Leo,Brown,MotionBridge,Owner,Agency Founder / Owner
hannah.lopez.agency_founder_owner.52@example.com,Hannah,Lopez,SparkOrbit,Founder,Agency Founder / Owner
layla.green.agency_founder_owner.53@example.com,Layla,Green,NovaCo,Founder,Agency Founder / Owner
lily.taylor.agency_founder_owner.54@example.com,Lily,Taylor,PeakBridge,Agency Principal,Agency Founder / Owner
lucas.martin.agency_founder_owner.55@example.com,Lucas,Martin,StudioSignal,Founder,Agency Founder / Owner
oliver.garcia.agency_founder_owner.56@example.com,Oliver,Garcia,BlueHouse,Founder,Agency Founder / Owner
benjamin.scott.agency_founder_owner.57@example.com,Benjamin,Scott,StudioLane,Managing Partner,Agency Founder / Owner
evelyn.lopez.agency_founder_owner.58@example.com,Evelyn,Lopez,FrameCreative,Agency Principal,Agency Founder / Owner
henry.moore.agency_founder_owner.59@example.com,Henry,Moore,RiverCollective,Founder,Agency Founder / Owner
owen.wright.agency_founder_owner.60@example.com,Owen,Wright,SparkOrbit,Managing Partner,Agency Founder / Owner
evelyn.taylor.agency_founder_owner.61@example.com,Evelyn,Taylor,LumenLab,Agency Principal,Agency Founder / Owner
evelyn.jackson.agency_founder_owner.62@example.com,Evelyn,Jackson,PeakBridge,Agency Principal,Agency Founder / Owner
leo.lee.agency_founder_owner.63@example.com,Leo,Lee,BrightSignal,Managing Partner,Agency Founder / Owner
ava.lopez.agency_founder_owner.64@example.com,Ava,Lopez,PixelLab,Agency Principal,Agency Founder / Owner
grace.wilson.agency_founder_owner.65@example.com,Grace,Wilson,OrbitLab,Founder,Agency Founder / Owner
jack.thomas.agency_founder_owner.66@example.com,Jack,Thomas,AtelierLane,Founder,Agency Founder / Owner
sophia.green.agency_founder_owner.67@example.com,Sophia,Green,SignalSignal,Founder,Agency Founder / Owner
harper.davis.agency_founder_owner.68@example.com,Harper,Davis,PixelWorks,Founder,Agency Founder / Owner
lucas.martin.agency_founder_owner.69@example.com,Lucas,Martin,OrbitStudio,Founder,Agency Founder / Owner
grace.baker.agency_founder_owner.70@example.com,Grace,Baker,NovaLab,Founder,Agency Founder / Owner
charlotte.nelson.agency_founder_owner.71@example.com,Charlotte,Nelson,SignalCo,Founder,Agency Founder / Owner
liam.garcia.agency_founder_owner.72@example.com,Liam,Garcia,BrightOrbit,Managing Partner,Agency Founder / Owner
alex.clark.agency_founder_owner.73@example.com,Alex,Clark,NovaWorks,Agency Principal,Agency Founder / Owner
liam.baker.agency_founder_owner.74@example.com,Liam,Baker,WildPartners,Managing Partner,Agency Founder / Owner
julian.taylor.agency_founder_owner.75@example.com,Julian,Taylor,SparkBridge,Managing Partner,Agency Founder / Owner
maya.young.agency_founder_owner.76@example.com,Maya,Young,PeakLab,Founder,Agency Founder / Owner
ethan.baker.agency_founder_owner.77@example.com,Ethan,Baker,OrbitGroup,Managing Partner,Agency Founder / Owner
mila.thomas.agency_founder_owner.78@example.com,Mila,Thomas,BrightBridge,Agency Principal,Agency Founder / Owner
william.white.agency_founder_owner.79@example.com,William,White,FrameBridge,Owner,Agency Founder / Owner
ella.adams.agency_founder_owner.80@example.com,Ella,Adams,LumenSignal,Agency Principal,Agency Founder / Owner
gabriel.lopez.agency_founder_owner.81@example.com,Gabriel,Lopez,PixelWorks,Agency Principal,Agency Founder / Owner
aria.smith.agency_founder_owner.82@example.com,Aria,Smith,PeakCo,Managing Partner,Agency Founder / Owner
alex.clark.agency_founder_owner.83@example.com,Alex,Clark,RiverMedia,Managing Partner,Agency Founder / Owner
leo.wright.agency_founder_owner.84@example.com,Leo,Wright,FrameLane,Owner,Agency Founder / Owner
benjamin.brown.agency_founder_owner.85@example.com,Benjamin,Brown,AtelierCollective,Managing Partner,Agency Founder / Owner
elijah.nelson.agency_founder_owner.86@example.com,Elijah,Nelson,BlueStudio,Owner,Agency Founder / Owner
william.adams.agency_founder_owner.87@example.com,William,Adams,SparkHouse,Owner,Agency Founder / Owner
elijah.baker.agency_founder_owner.88@example.com,Elijah,Baker,MotionGroup,Managing Partner,Agency Founder / Owner
chloe.brown.agency_founder_owner.89@example.com,Chloe,Brown,NorthSignal,Agency Principal,Agency Founder / Owner
liam.davis.agency_founder_owner.90@example.com,Liam,Davis,WildMedia,Founder,Agency Founder / Owner
evelyn.jackson.agency_founder_owner.91@example.com,Evelyn,Jackson,WildFlow,Owner,Agency Founder / Owner
zoey.lopez.agency_founder_owner.92@example.com,Zoey,Lopez,SummitFlow,Agency Principal,Agency Founder / Owner
grace.harris.agency_founder_owner.93@example.com,Grace,Harris,SummitLab,Managing Partner,Agency Founder / Owner
logan.moore.agency_founder_owner.94@example.com,Logan,Moore,OrbitHouse,Founder,Agency Founder / Owner
alex.martin.agency_founder_owner.95@example.com,Alex,Martin,StudioPartners,Managing Partner,Agency Founder / Owner
mila.jackson.agency_founder_owner.96@example.com,Mila,Jackson,LumenFrame,Agency Principal,Agency Founder / Owner
henry.white.agency_founder_owner.97@example.com,Henry,White,NovaCreative,Managing Partner,Agency Founder / Owner
alex.harris.agency_founder_owner.98@example.com,Alex,Harris,WildFlow,Managing Partner,Agency Founder / Owner
harper.martin.agency_founder_owner.99@example.com,Harper,Martin,MotionOrbit,Founder,Agency Founder / Owner
nora.lopez.agency_founder_owner.100@example.com,Nora,Lopez,NorthMedia,Managing Partner,Agency Founder / Owner
ethan.lee.agency_founder_owner.101@example.com,Ethan,Lee,WildFrame,Founder,Agency Founder / Owner
william.green.agency_founder_owner.102@example.com,William,Green,SignalBridge,Founder,Agency Founder / Owner
gabriel.smith.agency_founder_owner.103@example.com,Gabriel,Smith,BrightFlow,Agency Principal,Agency Founder / Owner
ella.garcia.agency_founder_owner.104@example.com,Ella,Garcia,OrbitBridge,Founder,Agency Founder / Owner
mila.lewis.agency_founder_owner.105@example.com,Mila,Lewis,NorthCreative,Managing Partner,Agency Founder / Owner
harper.allen.agency_founder_owner.106@example.com,Harper,Allen,FrameLab,Owner,Agency Founder / Owner
leo.white.agency_founder_owner.107@example.com,Leo,White,NorthBridge,Managing Partner,Agency Founder / Owner
amelia.moore.agency_founder_owner.108@example.com,Amelia,Moore,PixelFrame,Owner,Agency Founder / Owner
hannah.anderson.agency_founder_owner.109@example.com,Hannah,Anderson,EchoSignal,Founder,Agency Founder / Owner
mila.walker.agency_founder_owner.110@example.com,Mila,Walker,SignalPartners,Founder,Agency Founder / Owner
layla.garcia.agency_founder_owner.111@example.com,Layla,Garcia,StudioLane,Agency Principal,Agency Founder / Owner
owen.lewis.agency_founder_owner.112@example.com,Owen,Lewis,NorthCreative,Founder,Agency Founder / Owner
gabriel.scott.agency_founder_owner.113@example.com,Gabriel,Scott,StudioOrbit,Managing Partner,Agency Founder / Owner
grace.white.agency_founder_owner.114@example.com,Grace,White,BlueSignal,Agency Principal,Agency Founder / Owner
ethan.white.agency_founder_owner.115@example.com,Ethan,White,BrightGroup,Owner,Agency Founder / Owner
isabella.johnson.agency_founder_owner.116@example.com,Isabella,Johnson,EchoFlow,Managing Partner,Agency Founder / Owner
james.young.agency_founder_owner.117@example.com,James,Young,PixelLab,Managing Partner,Agency Founder / Owner
noah.taylor.agency_founder_owner.118@example.com,Noah,Taylor,PixelPartners,Managing Partner,Agency Founder / Owner
liam.lopez.agency_founder_owner.119@example.com,Liam,Lopez,StudioCo,Agency Principal,Agency Founder / Owner
jack.white.agency_founder_owner.120@example.com,Jack,White,WildWorks,Agency Principal,Agency Founder / Owner
maya.moore.agency_founder_owner.121@example.com,Maya,Moore,NovaGroup,Agency Principal,Agency Founder / Owner
william.thomas.agency_founder_owner.122@example.com,William,Thomas,MotionStudio,Founder,Agency Founder / Owner
scarlett.young.agency_founder_owner.123@example.com,Scarlett,Young,RiverCollective,Founder,Agency Founder / Owner
owen.scott.agency_founder_owner.124@example.com,Owen,Scott,PixelHouse,Founder,Agency Founder / Owner
lily.wilson.agency_founder_owner.125@example.com,Lily,Wilson,PeakWorks,Agency Principal,Agency Founder / Owner
grace.wilson.agency_founder_owner.126@example.com,Grace,Wilson,OrbitGroup,Agency Principal,Agency Founder / Owner
ella.green.agency_founder_owner.127@example.com,Ella,Green,PixelMedia,Founder,Agency Founder / Owner
noah.moore.agency_founder_owner.128@example.com,Noah,Moore,MotionGroup,Owner,Agency Founder / Owner
henry.jackson.agency_founder_owner.129@example.com,Henry,Jackson,LumenBridge,Agency Principal,Agency Founder / Owner
ella.adams.agency_founder_owner.130@example.com,Ella,Adams,SignalBridge,Agency Principal,Agency Founder / Owner
william.moore.agency_founder_owner.131@example.com,William,Moore,OrbitMedia,Managing Partner,Agency Founder / Owner
gabriel.allen.agency_founder_owner.132@example.com,Gabriel,Allen,AtelierOrbit,Founder,Agency Founder / Owner
gabriel.nelson.agency_founder_owner.133@example.com,Gabriel,Nelson,SignalLab,Founder,Agency Founder / Owner
noah.smith.agency_founder_owner.134@example.com,Noah,Smith,CraftWorks,Managing Partner,Agency Founder / Owner
elijah.nelson.agency_founder_owner.135@example.com,Elijah,Nelson,NorthWorks,Founder,Agency Founder / Owner
lucas.moore.agency_founder_owner.136@example.com,Lucas,Moore,EchoCollective,Managing Partner,Agency Founder / Owner
amelia.thomas.agency_founder_owner.137@example.com,Amelia,Thomas,SparkFrame,Founder,Agency Founder / Owner
elijah.moore.agency_founder_owner.138@example.com,Elijah,Moore,ShiftWorks,Managing Partner,Agency Founder / Owner
ethan.jackson.agency_founder_owner.139@example.com,Ethan,Jackson,AtelierBridge,Agency Principal,Agency Founder / Owner
chloe.young.agency_founder_owner.140@example.com,Chloe,Young,ShiftFlow,Founder,Agency Founder / Owner
amelia.wright.agency_founder_owner.141@example.com,Amelia,Wright,RiverStudio,Owner,Agency Founder / Owner
mila.wilson.agency_founder_owner.142@example.com,Mila,Wilson,AtelierLab,Managing Partner,Agency Founder / Owner
isabella.lopez.agency_founder_owner.143@example.com,Isabella,Lopez,BlueWorks,Managing Partner,Agency Founder / Owner
william.davis.agency_founder_owner.144@example.com,William,Davis,PeakBridge,Agency Principal,Agency Founder / Owner
noah.lewis.agency_founder_owner.145@example.com,Noah,Lewis,PeakCo,Owner,Agency Founder / Owner
amelia.young.agency_founder_owner.146@example.com,Amelia,Young,CraftOrbit,Managing Partner,Agency Founder / Owner
charlotte.king.agency_founder_owner.147@example.com,Charlotte,King,RiverLane,Managing Partner,Agency Founder / Owner
alex.lopez.agency_founder_owner.148@example.com,Alex,Lopez,NovaWorks,Managing Partner,Agency Founder / Owner
sophia.clark.agency_founder_owner.149@example.com,Sophia,Clark,FrameHouse,Managing Partner,Agency Founder / Owner
scarlett.white.agency_founder_owner.150@example.com,Scarlett,White,StudioMedia,Founder,Agency Founder / Owner
charlotte.thomas.agency_founder_owner.151@example.com,Charlotte,Thomas,EchoHouse,Managing Partner,Agency Founder / Owner
aria.wilson.agency_founder_owner.152@example.com,Aria,Wilson,NovaCo,Managing Partner,Agency Founder / Owner
mila.lewis.agency_founder_owner.153@example.com,Mila,Lewis,WildStudio,Owner,Agency Founder / Owner
daniel.thomas.agency_founder_owner.154@example.com,Daniel,Thomas,NovaOrbit,Founder,Agency Founder / Owner
william.adams.agency_founder_owner.155@example.com,William,Adams,MotionOrbit,Founder,Agency Founder / Owner
mila.martinez.agency_founder_owner.156@example.com,Mila,Martinez,SummitFrame,Founder,Agency Founder / Owner
sophia.davis.agency_founder_owner.157@example.com,Sophia,Davis,RiverOrbit,Agency Principal,Agency Founder / Owner
sebastian.martin.agency_founder_owner.158@example.com,Sebastian,Martin,AtelierWorks,Managing Partner,Agency Founder / Owner
oliver.anderson.agency_founder_owner.159@example.com,Oliver,Anderson,WildCreative,Managing Partner,Agency Founder / Owner
maya.martinez.agency_founder_owner.160@example.com,Maya,Martinez,SummitHouse,Owner,Agency Founder / Owner
jack.clark.agency_founder_owner.161@example.com,Jack,Clark,PixelFrame,Managing Partner,Agency Founder / Owner
sebastian.davis.agency_founder_owner.162@example.com,Sebastian,Davis,ShiftLane,Managing Partner,Agency Founder / Owner
charlotte.young.agency_founder_owner.163@example.com,Charlotte,Young,RiverLab,Founder,Agency Founder / Owner
harper.hall.agency_founder_owner.164@example.com,Harper,Hall,StudioLane,Agency Principal,Agency Founder / Owner
julian.green.agency_founder_owner.165@example.com,Julian,Green,NovaFrame,Agency Principal,Agency Founder / Owner
owen.wright.agency_founder_owner.166@example.com,Owen,Wright,PeakMedia,Founder,Agency Founder / Owner
benjamin.martin.agency_founder_owner.167@example.com,Benjamin,Martin,CraftCollective,Owner,Agency Founder / Owner
henry.lewis.agency_founder_owner.168@example.com,Henry,Lewis,RiverFrame,Founder,Agency Founder / Owner
logan.walker.agency_founder_owner.169@example.com,Logan,Walker,WildFrame,Agency Principal,Agency Founder / Owner
sophia.anderson.agency_founder_owner.170@example.com,Sophia,Anderson,BrightCreative,Managing Partner,Agency Founder / Owner
elijah.wilson.agency_founder_owner.171@example.com,Elijah,Wilson,LumenPartners,Managing Partner,Agency Founder / Owner
lucas.moore.agency_founder_owner.172@example.com,Lucas,Moore,SummitWorks,Managing Partner,Agency Founder / Owner
elijah.taylor.agency_founder_owner.173@example.com,Elijah,Taylor,SparkFrame,Agency Principal,Agency Founder / Owner
lucas.scott.agency_founder_owner.174@example.com,Lucas,Scott,SignalCreative,Agency Principal,Agency Founder / Owner
julian.garcia.agency_founder_owner.175@example.com,Julian,Garcia,AtelierFlow,Owner,Agency Founder / Owner
harper.johnson.agency_founder_owner.176@example.com,Harper,Johnson,StudioCo,Managing Partner,Agency Founder / Owner
leo.hall.agency_founder_owner.177@example.com,Leo,Hall,FrameMedia,Managing Partner,Agency Founder / Owner
zoey.walker.agency_founder_owner.178@example.com,Zoey,Walker,StudioMedia,Managing Partner,Agency Founder / Owner
liam.king.agency_founder_owner.179@example.com,Liam,King,BrightWorks,Managing Partner,Agency Founder / Owner
ella.lopez.agency_founder_owner.180@example.com,Ella,Lopez,PixelStudio,Managing Partner,Agency Founder / Owner
mason.lopez.agency_founder_owner.181@example.com,Mason,Lopez,FrameSignal,Managing Partner,Agency Founder / Owner
maya.lee.agency_founder_owner.182@example.com,Maya,Lee,SummitHouse,Agency Principal,Agency Founder / Owner
aria.green.agency_founder_owner.183@example.com,Aria,Green,LumenPartners,Managing Partner,Agency Founder / Owner
scarlett.king.agency_founder_owner.184@example.com,Scarlett,King,MotionSignal,Owner,Agency Founder / Owner
layla.davis.agency_founder_owner.185@example.com,Layla,Davis,PeakLane,Managing Partner,Agency Founder / Owner
isabella.baker.agency_founder_owner.186@example.com,Isabella,Baker,FrameLane,Owner,Agency Founder / Owner
lucas.smith.agency_founder_owner.187@example.com,Lucas,Smith,SummitOrbit,Managing Partner,Agency Founder / Owner
ethan.garcia.agency_founder_owner.188@example.com,Ethan,Garcia,NovaSignal,Managing Partner,Agency Founder / Owner
henry.martin.agency_founder_owner.189@example.com,Henry,Martin,OrbitGroup,Agency Principal,Agency Founder / Owner
william.wilson.agency_founder_owner.190@example.com,William,Wilson,NovaSignal,Founder,Agency Founder / Owner
alex.king.agency_founder_owner.191@example.com,Alex,King,LumenMedia,Agency Principal,Agency Founder / Owner
jack.lewis.agency_founder_owner.192@example.com,Jack,Lewis,FramePartners,Agency Principal,Agency Founder / Owner
zoey.moore.agency_founder_owner.193@example.com,Zoey,Moore,PixelStudio,Owner,Agency Founder / Owner
mason.garcia.agency_founder_owner.194@example.com,Mason,Garcia,MotionLane,Agency Principal,Agency Founder / Owner
logan.king.agency_founder_owner.195@example.com,Logan,King,PixelWorks,Owner,Agency Founder / Owner
henry.hall.agency_founder_owner.196@example.com,Henry,Hall,EchoFrame,Managing Partner,Agency Founder / Owner
isabella.wilson.agency_founder_owner.197@example.com,Isabella,Wilson,RiverFlow,Founder,Agency Founder / Owner
amelia.young.agency_founder_owner.198@example.com,Amelia,Young,NovaStudio,Founder,Agency Founder / Owner
daniel.jackson.agency_founder_owner.199@example.com,Daniel,Jackson,SignalOrbit,Managing Partner,Agency Founder / Owner
sophia.moore.agency_founder_owner.200@example.com,Sophia,Moore,PeakLane,Founder,Agency Founder / Owner
oliver.young.operations_manager.1@example.com,Oliver,Young,PixelHouse,Delivery Manager,Operations Manager
layla.johnson.operations_manager.2@example.com,Layla,Johnson,SparkLane,Delivery Manager,Operations Manager
emma.baker.operations_manager.3@example.com,Emma,Baker,MotionSignal,Project Manager,Operations Manager
layla.adams.operations_manager.4@example.com,Layla,Adams,SignalFlow,Delivery Manager,Operations Manager
scarlett.hall.operations_manager.5@example.com,Scarlett,Hall,EchoFlow,Project Manager,Operations Manager
mila.hall.operations_manager.6@example.com,Mila,Hall,PeakLab,Project Manager,Operations Manager
ella.brown.operations_manager.7@example.com,Ella,Brown,MotionLane,Delivery Manager,Operations Manager
scarlett.king.operations_manager.8@example.com,Scarlett,King,SummitCreative,Operations Manager,Operations Manager
nora.young.operations_manager.9@example.com,Nora,Young,PixelStudio,Operations Manager,Operations Manager
charlotte.walker.operations_manager.10@example.com,Charlotte,Walker,SignalOrbit,Project Manager,Operations Manager
aria.davis.operations_manager.11@example.com,Aria,Davis,LumenSignal,Operations Manager,Operations Manager
scarlett.davis.operations_manager.12@example.com,Scarlett,Davis,AtelierBridge,Operations Manager,Operations Manager
gabriel.allen.operations_manager.13@example.com,Gabriel,Allen,SparkCreative,Project Manager,Operations Manager
elijah.walker.operations_manager.14@example.com,Elijah,Walker,FrameCollective,Delivery Manager,Operations Manager
ava.young.operations_manager.15@example.com,Ava,Young,WildSignal,Studio Manager,Operations Manager
grace.adams.operations_manager.16@example.com,Grace,Adams,NovaWorks,Project Manager,Operations Manager
amelia.garcia.operations_manager.17@example.com,Amelia,Garcia,WildFlow,Project Manager,Operations Manager
william.wright.operations_manager.18@example.com,William,Wright,FrameCo,Delivery Manager,Operations Manager
nora.taylor.operations_manager.19@example.com,Nora,Taylor,CraftBridge,Operations Manager,Operations Manager
chloe.lee.operations_manager.20@example.com,Chloe,Lee,SummitCo,Operations Manager,Operations Manager
aria.moore.operations_manager.21@example.com,Aria,Moore,OrbitHouse,Studio Manager,Operations Manager
daniel.taylor.operations_manager.22@example.com,Daniel,Taylor,StudioCreative,Studio Manager,Operations Manager
harper.young.operations_manager.23@example.com,Harper,Young,SummitLane,Delivery Manager,Operations Manager
scarlett.allen.operations_manager.24@example.com,Scarlett,Allen,PeakGroup,Delivery Manager,Operations Manager
maya.allen.operations_manager.25@example.com,Maya,Allen,WildStudio,Delivery Manager,Operations Manager
daniel.baker.operations_manager.26@example.com,Daniel,Baker,NorthStudio,Studio Manager,Operations Manager
alex.baker.operations_manager.27@example.com,Alex,Baker,BlueMedia,Delivery Manager,Operations Manager
lily.garcia.operations_manager.28@example.com,Lily,Garcia,NorthGroup,Operations Manager,Operations Manager
mila.taylor.operations_manager.29@example.com,Mila,Taylor,RiverWorks,Studio Manager,Operations Manager
ava.scott.operations_manager.30@example.com,Ava,Scott,EchoLane,Studio Manager,Operations Manager
leo.baker.operations_manager.31@example.com,Leo,Baker,OrbitOrbit,Operations Manager,Operations Manager
logan.clark.operations_manager.32@example.com,Logan,Clark,StudioGroup,Studio Manager,Operations Manager
owen.wright.operations_manager.33@example.com,Owen,Wright,ShiftHouse,Operations Manager,Operations Manager
henry.walker.operations_manager.34@example.com,Henry,Walker,ShiftLab,Operations Manager,Operations Manager
jack.anderson.operations_manager.35@example.com,Jack,Anderson,AtelierWorks,Delivery Manager,Operations Manager
aria.martin.operations_manager.36@example.com,Aria,Martin,SummitGroup,Operations Manager,Operations Manager
oliver.taylor.operations_manager.37@example.com,Oliver,Taylor,SparkFrame,Project Manager,Operations Manager
julian.martinez.operations_manager.38@example.com,Julian,Martinez,EchoCo,Delivery Manager,Operations Manager
alex.walker.operations_manager.39@example.com,Alex,Walker,SignalHouse,Project Manager,Operations Manager
lucas.martinez.operations_manager.40@example.com,Lucas,Martinez,ShiftPartners,Operations Manager,Operations Manager
amelia.lewis.operations_manager.41@example.com,Amelia,Lewis,SignalLab,Studio Manager,Operations Manager
liam.walker.operations_manager.42@example.com,Liam,Walker,FrameCo,Operations Manager,Operations Manager
lily.white.operations_manager.43@example.com,Lily,White,OrbitOrbit,Studio Manager,Operations Manager
henry.anderson.operations_manager.44@example.com,Henry,Anderson,PixelLane,Studio Manager,Operations Manager
amelia.thomas.operations_manager.45@example.com,Amelia,Thomas,ShiftFrame,Studio Manager,Operations Manager
leo.adams.operations_manager.46@example.com,Leo,Adams,AtelierWorks,Operations Manager,Operations Manager
leo.scott.operations_manager.47@example.com,Leo,Scott,BrightStudio,Delivery Manager,Operations Manager
sophia.anderson.operations_manager.48@example.com,Sophia,Anderson,MotionHouse,Project Manager,Operations Manager
oliver.garcia.operations_manager.49@example.com,Oliver,Garcia,BlueLane,Operations Manager,Operations Manager
leo.brown.operations_manager.50@example.com,Leo,Brown,FramePartners,Delivery Manager,Operations Manager
grace.green.operations_manager.51@example.com,Grace,Green,FrameWorks,Operations Manager,Operations Manager
aria.lee.operations_manager.52@example.com,Aria,Lee,LumenWorks,Project Manager,Operations Manager
zoey.lewis.operations_manager.53@example.com,Zoey,Lewis,NorthGroup,Studio Manager,Operations Manager
logan.smith.operations_manager.54@example.com,Logan,Smith,StudioOrbit,Project Manager,Operations Manager
oliver.lewis.operations_manager.55@example.com,Oliver,Lewis,SignalSignal,Operations Manager,Operations Manager
gabriel.hall.operations_manager.56@example.com,Gabriel,Hall,PeakMedia,Delivery Manager,Operations Manager
sophia.harris.operations_manager.57@example.com,Sophia,Harris,BlueFlow,Operations Manager,Operations Manager
benjamin.lee.operations_manager.58@example.com,Benjamin,Lee,OrbitOrbit,Delivery Manager,Operations Manager
henry.allen.operations_manager.59@example.com,Henry,Allen,ShiftMedia,Operations Manager,Operations Manager
hannah.anderson.operations_manager.60@example.com,Hannah,Anderson,LumenPartners,Operations Manager,Operations Manager
zoey.johnson.operations_manager.61@example.com,Zoey,Johnson,RiverLab,Studio Manager,Operations Manager
maya.jackson.operations_manager.62@example.com,Maya,Jackson,SummitFlow,Studio Manager,Operations Manager
ethan.taylor.operations_manager.63@example.com,Ethan,Taylor,EchoSignal,Project Manager,Operations Manager
isabella.nelson.operations_manager.64@example.com,Isabella,Nelson,ShiftFrame,Operations Manager,Operations Manager
sebastian.thomas.operations_manager.65@example.com,Sebastian,Thomas,BlueWorks,Studio Manager,Operations Manager
mila.martinez.operations_manager.66@example.com,Mila,Martinez,NorthWorks,Delivery Manager,Operations Manager
noah.martinez.operations_manager.67@example.com,Noah,Martinez,SparkSignal,Project Manager,Operations Manager
alex.wright.operations_manager.68@example.com,Alex,Wright,NorthCo,Studio Manager,Operations Manager
aria.lee.operations_manager.69@example.com,Aria,Lee,PeakOrbit,Delivery Manager,Operations Manager
william.moore.operations_manager.70@example.com,William,Moore,EchoFrame,Operations Manager,Operations Manager
leo.brown.operations_manager.71@example.com,Leo,Brown,NovaPartners,Delivery Manager,Operations Manager
chloe.jackson.operations_manager.72@example.com,Chloe,Jackson,StudioCreative,Delivery Manager,Operations Manager
aria.garcia.operations_manager.73@example.com,Aria,Garcia,MotionBridge,Operations Manager,Operations Manager
benjamin.garcia.operations_manager.74@example.com,Benjamin,Garcia,SignalWorks,Delivery Manager,Operations Manager
benjamin.anderson.operations_manager.75@example.com,Benjamin,Anderson,PeakLab,Project Manager,Operations Manager
chloe.johnson.operations_manager.76@example.com,Chloe,Johnson,AtelierBridge,Project Manager,Operations Manager
sophia.martinez.operations_manager.77@example.com,Sophia,Martinez,CraftPartners,Operations Manager,Operations Manager
ava.davis.operations_manager.78@example.com,Ava,Davis,FrameCreative,Studio Manager,Operations Manager
oliver.hall.operations_manager.79@example.com,Oliver,Hall,WildHouse,Delivery Manager,Operations Manager
isabella.young.operations_manager.80@example.com,Isabella,Young,BlueSignal,Studio Manager,Operations Manager
daniel.johnson.operations_manager.81@example.com,Daniel,Johnson,BrightPartners,Project Manager,Operations Manager
james.white.operations_manager.82@example.com,James,White,AtelierCreative,Studio Manager,Operations Manager
henry.lee.operations_manager.83@example.com,Henry,Lee,ShiftStudio,Operations Manager,Operations Manager
leo.adams.operations_manager.84@example.com,Leo,Adams,SparkCollective,Operations Manager,Operations Manager
harper.clark.operations_manager.85@example.com,Harper,Clark,SummitOrbit,Studio Manager,Operations Manager
isabella.king.operations_manager.86@example.com,Isabella,King,BrightStudio,Operations Manager,Operations Manager
ethan.allen.operations_manager.87@example.com,Ethan,Allen,SparkOrbit,Project Manager,Operations Manager
hannah.anderson.operations_manager.88@example.com,Hannah,Anderson,LumenFrame,Operations Manager,Operations Manager
daniel.lewis.operations_manager.89@example.com,Daniel,Lewis,BrightGroup,Delivery Manager,Operations Manager
lily.garcia.operations_manager.90@example.com,Lily,Garcia,OrbitPartners,Project Manager,Operations Manager
layla.thomas.operations_manager.91@example.com,Layla,Thomas,SummitCo,Operations Manager,Operations Manager
nora.smith.operations_manager.92@example.com,Nora,Smith,SparkBridge,Operations Manager,Operations Manager
noah.nelson.operations_manager.93@example.com,Noah,Nelson,StudioFrame,Project Manager,Operations Manager
oliver.walker.operations_manager.94@example.com,Oliver,Walker,NovaCollective,Delivery Manager,Operations Manager
daniel.hall.operations_manager.95@example.com,Daniel,Hall,SparkHouse,Project Manager,Operations Manager
alex.scott.operations_manager.96@example.com,Alex,Scott,NorthHouse,Operations Manager,Operations Manager
mason.martin.operations_manager.97@example.com,Mason,Martin,RiverSignal,Delivery Manager,Operations Manager
mason.young.operations_manager.98@example.com,Mason,Young,OrbitCollective,Project Manager,Operations Manager
oliver.white.operations_manager.99@example.com,Oliver,White,SummitWorks,Studio Manager,Operations Manager
maya.garcia.operations_manager.100@example.com,Maya,Garcia,SparkStudio,Studio Manager,Operations Manager
isabella.baker.operations_manager.101@example.com,Isabella,Baker,AtelierCreative,Project Manager,Operations Manager
sebastian.jackson.operations_manager.102@example.com,Sebastian,Jackson,CraftFrame,Delivery Manager,Operations Manager
benjamin.davis.operations_manager.103@example.com,Benjamin,Davis,OrbitLane,Studio Manager,Operations Manager
mason.clark.operations_manager.104@example.com,Mason,Clark,BrightHouse,Project Manager,Operations Manager
chloe.clark.operations_manager.105@example.com,Chloe,Clark,NorthOrbit,Operations Manager,Operations Manager
lucas.martinez.operations_manager.106@example.com,Lucas,Martinez,RiverOrbit,Project Manager,Operations Manager
mila.walker.operations_manager.107@example.com,Mila,Walker,WildFlow,Studio Manager,Operations Manager
ava.lee.operations_manager.108@example.com,Ava,Lee,CraftPartners,Project Manager,Operations Manager
jack.brown.operations_manager.109@example.com,Jack,Brown,NorthGroup,Operations Manager,Operations Manager
zoey.jackson.operations_manager.110@example.com,Zoey,Jackson,EchoHouse,Delivery Manager,Operations Manager
harper.smith.operations_manager.111@example.com,Harper,Smith,SparkFrame,Studio Manager,Operations Manager
hannah.moore.operations_manager.112@example.com,Hannah,Moore,CraftBridge,Delivery Manager,Operations Manager
gabriel.smith.operations_manager.113@example.com,Gabriel,Smith,SparkFlow,Operations Manager,Operations Manager
ethan.lewis.operations_manager.114@example.com,Ethan,Lewis,LumenCreative,Project Manager,Operations Manager
aria.lopez.operations_manager.115@example.com,Aria,Lopez,NovaCo,Studio Manager,Operations Manager
julian.king.operations_manager.116@example.com,Julian,King,NovaLane,Project Manager,Operations Manager
sebastian.johnson.operations_manager.117@example.com,Sebastian,Johnson,BlueHouse,Studio Manager,Operations Manager
isabella.adams.operations_manager.118@example.com,Isabella,Adams,SignalFrame,Delivery Manager,Operations Manager
charlotte.martinez.operations_manager.119@example.com,Charlotte,Martinez,FrameFlow,Operations Manager,Operations Manager
nora.martinez.operations_manager.120@example.com,Nora,Martinez,MotionFlow,Delivery Manager,Operations Manager
liam.jackson.operations_manager.121@example.com,Liam,Jackson,OrbitLane,Studio Manager,Operations Manager
evelyn.lewis.operations_manager.122@example.com,Evelyn,Lewis,WildBridge,Project Manager,Operations Manager
lucas.wright.operations_manager.123@example.com,Lucas,Wright,FrameLab,Studio Manager,Operations Manager
sebastian.garcia.operations_manager.124@example.com,Sebastian,Garcia,EchoLab,Studio Manager,Operations Manager
william.lewis.operations_manager.125@example.com,William,Lewis,RiverFlow,Operations Manager,Operations Manager
gabriel.allen.operations_manager.126@example.com,Gabriel,Allen,MotionSignal,Studio Manager,Operations Manager
sebastian.taylor.operations_manager.127@example.com,Sebastian,Taylor,SummitHouse,Project Manager,Operations Manager
emma.johnson.operations_manager.128@example.com,Emma,Johnson,ShiftOrbit,Delivery Manager,Operations Manager
owen.green.operations_manager.129@example.com,Owen,Green,RiverHouse,Studio Manager,Operations Manager
lucas.harris.operations_manager.130@example.com,Lucas,Harris,NorthFlow,Project Manager,Operations Manager
aria.thomas.operations_manager.131@example.com,Aria,Thomas,NorthMedia,Operations Manager,Operations Manager
elijah.young.operations_manager.132@example.com,Elijah,Young,SignalHouse,Delivery Manager,Operations Manager
benjamin.young.operations_manager.133@example.com,Benjamin,Young,CraftWorks,Operations Manager,Operations Manager
aria.moore.operations_manager.134@example.com,Aria,Moore,BlueFlow,Project Manager,Operations Manager
amelia.davis.operations_manager.135@example.com,Amelia,Davis,SignalCreative,Operations Manager,Operations Manager
oliver.anderson.operations_manager.136@example.com,Oliver,Anderson,MotionOrbit,Studio Manager,Operations Manager
daniel.johnson.operations_manager.137@example.com,Daniel,Johnson,FrameSignal,Operations Manager,Operations Manager
daniel.davis.operations_manager.138@example.com,Daniel,Davis,LumenCo,Delivery Manager,Operations Manager
harper.moore.operations_manager.139@example.com,Harper,Moore,PixelHouse,Project Manager,Operations Manager
mila.nelson.operations_manager.140@example.com,Mila,Nelson,StudioStudio,Studio Manager,Operations Manager
lucas.brown.operations_manager.141@example.com,Lucas,Brown,BlueCollective,Project Manager,Operations Manager
isabella.young.operations_manager.142@example.com,Isabella,Young,SparkSignal,Operations Manager,Operations Manager
sophia.smith.operations_manager.143@example.com,Sophia,Smith,WildLane,Project Manager,Operations Manager
oliver.moore.operations_manager.144@example.com,Oliver,Moore,ShiftSignal,Operations Manager,Operations Manager
jack.smith.operations_manager.145@example.com,Jack,Smith,SparkSignal,Operations Manager,Operations Manager
ella.smith.operations_manager.146@example.com,Ella,Smith,StudioLane,Project Manager,Operations Manager
emma.wilson.operations_manager.147@example.com,Emma,Wilson,FrameMedia,Delivery Manager,Operations Manager
mila.martinez.operations_manager.148@example.com,Mila,Martinez,SignalPartners,Project Manager,Operations Manager
mila.anderson.operations_manager.149@example.com,Mila,Anderson,BlueGroup,Studio Manager,Operations Manager
isabella.adams.operations_manager.150@example.com,Isabella,Adams,SparkGroup,Operations Manager,Operations Manager
daniel.johnson.operations_manager.151@example.com,Daniel,Johnson,LumenFlow,Studio Manager,Operations Manager
chloe.harris.operations_manager.152@example.com,Chloe,Harris,SummitWorks,Delivery Manager,Operations Manager
henry.white.operations_manager.153@example.com,Henry,White,MotionFlow,Studio Manager,Operations Manager
leo.wright.operations_manager.154@example.com,Leo,Wright,MotionStudio,Project Manager,Operations Manager
mila.hall.operations_manager.155@example.com,Mila,Hall,BlueCollective,Studio Manager,Operations Manager
amelia.lee.operations_manager.156@example.com,Amelia,Lee,SignalMedia,Operations Manager,Operations Manager
alex.lee.operations_manager.157@example.com,Alex,Lee,RiverStudio,Project Manager,Operations Manager
logan.thomas.operations_manager.158@example.com,Logan,Thomas,EchoBridge,Studio Manager,Operations Manager
aria.johnson.operations_manager.159@example.com,Aria,Johnson,RiverBridge,Operations Manager,Operations Manager
liam.davis.operations_manager.160@example.com,Liam,Davis,ShiftHouse,Project Manager,Operations Manager
james.davis.operations_manager.161@example.com,James,Davis,SummitOrbit,Studio Manager,Operations Manager
scarlett.young.operations_manager.162@example.com,Scarlett,Young,SignalCollective,Delivery Manager,Operations Manager
james.lopez.operations_manager.163@example.com,James,Lopez,ShiftHouse,Project Manager,Operations Manager
henry.baker.operations_manager.164@example.com,Henry,Baker,WildMedia,Delivery Manager,Operations Manager
charlotte.clark.operations_manager.165@example.com,Charlotte,Clark,SummitCo,Project Manager,Operations Manager
julian.green.operations_manager.166@example.com,Julian,Green,OrbitSignal,Operations Manager,Operations Manager
lily.moore.operations_manager.167@example.com,Lily,Moore,RiverLab,Project Manager,Operations Manager
ella.smith.operations_manager.168@example.com,Ella,Smith,StudioPartners,Project Manager,Operations Manager
ava.adams.operations_manager.169@example.com,Ava,Adams,AtelierWorks,Studio Manager,Operations Manager
mila.harris.operations_manager.170@example.com,Mila,Harris,NovaCreative,Operations Manager,Operations Manager
alex.jackson.operations_manager.171@example.com,Alex,Jackson,ShiftLab,Delivery Manager,Operations Manager
mason.taylor.operations_manager.172@example.com,Mason,Taylor,RiverHouse,Delivery Manager,Operations Manager
henry.white.operations_manager.173@example.com,Henry,White,OrbitFrame,Delivery Manager,Operations Manager
maya.lewis.operations_manager.174@example.com,Maya,Lewis,SignalCreative,Operations Manager,Operations Manager
liam.young.operations_manager.175@example.com,Liam,Young,SummitPartners,Operations Manager,Operations Manager
liam.johnson.operations_manager.176@example.com,Liam,Johnson,FrameBridge,Project Manager,Operations Manager
oliver.brown.operations_manager.177@example.com,Oliver,Brown,StudioBridge,Project Manager,Operations Manager
zoey.lee.operations_manager.178@example.com,Zoey,Lee,SparkBridge,Operations Manager,Operations Manager
emma.walker.operations_manager.179@example.com,Emma,Walker,RiverOrbit,Project Manager,Operations Manager
ella.baker.operations_manager.180@example.com,Ella,Baker,StudioOrbit,Studio Manager,Operations Manager
hannah.lopez.operations_manager.181@example.com,Hannah,Lopez,EchoBridge,Operations Manager,Operations Manager
charlotte.scott.operations_manager.182@example.com,Charlotte,Scott,SignalCo,Studio Manager,Operations Manager
isabella.walker.operations_manager.183@example.com,Isabella,Walker,NovaMedia,Project Manager,Operations Manager
chloe.jackson.operations_manager.184@example.com,Chloe,Jackson,BrightHouse,Project Manager,Operations Manager
gabriel.adams.operations_manager.185@example.com,Gabriel,Adams,StudioFlow,Delivery Manager,Operations Manager
gabriel.adams.operations_manager.186@example.com,Gabriel,Adams,PeakOrbit,Operations Manager,Operations Manager
hannah.scott.operations_manager.187@example.com,Hannah,Scott,BlueGroup,Operations Manager,Operations Manager
amelia.green.operations_manager.188@example.com,Amelia,Green,LumenCollective,Project Manager,Operations Manager
aria.johnson.operations_manager.189@example.com,Aria,Johnson,LumenFlow,Delivery Manager,Operations Manager
aria.clark.operations_manager.190@example.com,Aria,Clark,AtelierGroup,Project Manager,Operations Manager
maya.harris.operations_manager.191@example.com,Maya,Harris,ShiftWorks,Studio Manager,Operations Manager
harper.garcia.operations_manager.192@example.com,Harper,Garcia,RiverGroup,Project Manager,Operations Manager
harper.clark.operations_manager.193@example.com,Harper,Clark,OrbitStudio,Operations Manager,Operations Manager
oliver.martin.operations_manager.194@example.com,Oliver,Martin,OrbitCollective,Operations Manager,Operations Manager
layla.martinez.operations_manager.195@example.com,Layla,Martinez,EchoMedia,Studio Manager,Operations Manager
julian.lee.operations_manager.196@example.com,Julian,Lee,BlueWorks,Project Manager,Operations Manager
lily.white.operations_manager.197@example.com,Lily,White,WildMedia,Studio Manager,Operations Manager
aria.johnson.operations_manager.198@example.com,Aria,Johnson,SummitMedia,Operations Manager,Operations Manager
james.green.operations_manager.199@example.com,James,Green,SummitCollective,Studio Manager,Operations Manager
julian.walker.operations_manager.200@example.com,Julian,Walker,BlueBridge,Project Manager,Operations Manager
lily.martin.marketing_growth_lead.1@example.com,Lily,Martin,MotionMedia,Marketing Lead,Marketing / Growth Lead
layla.lopez.marketing_growth_lead.2@example.com,Layla,Lopez,CraftCreative,Growth Lead,Marketing / Growth Lead
jack.brown.marketing_growth_lead.3@example.com,Jack,Brown,EchoHouse,Demand Gen Manager,Marketing / Growth Lead
amelia.lee.marketing_growth_lead.4@example.com,Amelia,Lee,RiverHouse,Content Marketing Lead,Marketing / Growth Lead
emma.brown.marketing_growth_lead.5@example.com,Emma,Brown,SignalOrbit,Growth Lead,Marketing / Growth Lead
gabriel.johnson.marketing_growth_lead.6@example.com,Gabriel,Johnson,StudioCollective,Marketing Lead,Marketing / Growth Lead
alex.clark.marketing_growth_lead.7@example.com,Alex,Clark,LumenFlow,Demand Gen Manager,Marketing / Growth Lead
henry.walker.marketing_growth_lead.8@example.com,Henry,Walker,PeakWorks,Growth Lead,Marketing / Growth Lead
scarlett.white.marketing_growth_lead.9@example.com,Scarlett,White,OrbitFrame,Marketing Lead,Marketing / Growth Lead
william.hall.marketing_growth_lead.10@example.com,William,Hall,FrameHouse,Content Marketing Lead,Marketing / Growth Lead
zoey.hall.marketing_growth_lead.11@example.com,Zoey,Hall,FrameGroup,Content Marketing Lead,Marketing / Growth Lead
sophia.moore.marketing_growth_lead.12@example.com,Sophia,Moore,SparkStudio,Demand Gen Manager,Marketing / Growth Lead
julian.hall.marketing_growth_lead.13@example.com,Julian,Hall,SignalFrame,Marketing Lead,Marketing / Growth Lead
liam.wright.marketing_growth_lead.14@example.com,Liam,Wright,RiverWorks,Content Marketing Lead,Marketing / Growth Lead
maya.king.marketing_growth_lead.15@example.com,Maya,King,BlueFlow,Marketing Lead,Marketing / Growth Lead
logan.clark.marketing_growth_lead.16@example.com,Logan,Clark,StudioFlow,Content Marketing Lead,Marketing / Growth Lead
liam.scott.marketing_growth_lead.17@example.com,Liam,Scott,BlueCollective,Marketing Lead,Marketing / Growth Lead
lucas.king.marketing_growth_lead.18@example.com,Lucas,King,SummitWorks,Demand Gen Manager,Marketing / Growth Lead
lucas.walker.marketing_growth_lead.19@example.com,Lucas,Walker,PeakGroup,Demand Gen Manager,Marketing / Growth Lead
emma.king.marketing_growth_lead.20@example.com,Emma,King,WildBridge,Growth Lead,Marketing / Growth Lead
emma.garcia.marketing_growth_lead.21@example.com,Emma,Garcia,SignalLane,Demand Gen Manager,Marketing / Growth Lead
liam.taylor.marketing_growth_lead.22@example.com,Liam,Taylor,ShiftSignal,Growth Lead,Marketing / Growth Lead
mila.nelson.marketing_growth_lead.23@example.com,Mila,Nelson,CraftPartners,Growth Lead,Marketing / Growth Lead
gabriel.green.marketing_growth_lead.24@example.com,Gabriel,Green,AtelierGroup,Marketing Lead,Marketing / Growth Lead
william.king.marketing_growth_lead.25@example.com,William,King,CraftGroup,Growth Lead,Marketing / Growth Lead
lily.clark.marketing_growth_lead.26@example.com,Lily,Clark,BrightFlow,Marketing Lead,Marketing / Growth Lead
mila.lewis.marketing_growth_lead.27@example.com,Mila,Lewis,OrbitBridge,Growth Lead,Marketing / Growth Lead
maya.wilson.marketing_growth_lead.28@example.com,Maya,Wilson,PixelLane,Growth Lead,Marketing / Growth Lead
ethan.davis.marketing_growth_lead.29@example.com,Ethan,Davis,PixelWorks,Growth Lead,Marketing / Growth Lead
lucas.walker.marketing_growth_lead.30@example.com,Lucas,Walker,WildLab,Demand Gen Manager,Marketing / Growth Lead
isabella.king.marketing_growth_lead.31@example.com,Isabella,King,BrightCollective,Demand Gen Manager,Marketing / Growth Lead
scarlett.anderson.marketing_growth_lead.32@example.com,Scarlett,Anderson,RiverCreative,Growth Lead,Marketing / Growth Lead
gabriel.wilson.marketing_growth_lead.33@example.com,Gabriel,Wilson,SummitCollective,Content Marketing Lead,Marketing / Growth Lead
sebastian.hall.marketing_growth_lead.34@example.com,Sebastian,Hall,SummitStudio,Growth Lead,Marketing / Growth Lead
james.walker.marketing_growth_lead.35@example.com,James,Walker,BlueFrame,Demand Gen Manager,Marketing / Growth Lead
chloe.smith.marketing_growth_lead.36@example.com,Chloe,Smith,StudioPartners,Growth Lead,Marketing / Growth Lead
evelyn.young.marketing_growth_lead.37@example.com,Evelyn,Young,AtelierFrame,Marketing Lead,Marketing / Growth Lead
isabella.scott.marketing_growth_lead.38@example.com,Isabella,Scott,PixelHouse,Growth Lead,Marketing / Growth Lead
harper.nelson.marketing_growth_lead.39@example.com,Harper,Nelson,BlueMedia,Marketing Lead,Marketing / Growth Lead
sebastian.lewis.marketing_growth_lead.40@example.com,Sebastian,Lewis,BrightFrame,Marketing Lead,Marketing / Growth Lead
nora.martinez.marketing_growth_lead.41@example.com,Nora,Martinez,WildCollective,Content Marketing Lead,Marketing / Growth Lead
mason.baker.marketing_growth_lead.42@example.com,Mason,Baker,NovaCollective,Growth Lead,Marketing / Growth Lead
daniel.harris.marketing_growth_lead.43@example.com,Daniel,Harris,SparkMedia,Content Marketing Lead,Marketing / Growth Lead
william.lee.marketing_growth_lead.44@example.com,William,Lee,BlueWorks,Growth Lead,Marketing / Growth Lead
maya.anderson.marketing_growth_lead.45@example.com,Maya,Anderson,PixelStudio,Content Marketing Lead,Marketing / Growth Lead
julian.taylor.marketing_growth_lead.46@example.com,Julian,Taylor,SparkLab,Demand Gen Manager,Marketing / Growth Lead
amelia.taylor.marketing_growth_lead.47@example.com,Amelia,Taylor,OrbitCreative,Content Marketing Lead,Marketing / Growth Lead
elijah.johnson.marketing_growth_lead.48@example.com,Elijah,Johnson,BrightFrame,Demand Gen Manager,Marketing / Growth Lead
elijah.king.marketing_growth_lead.49@example.com,Elijah,King,OrbitFrame,Demand Gen Manager,Marketing / Growth Lead
james.hall.marketing_growth_lead.50@example.com,James,Hall,MotionOrbit,Growth Lead,Marketing / Growth Lead
nora.brown.marketing_growth_lead.51@example.com,Nora,Brown,MotionPartners,Growth Lead,Marketing / Growth Lead
alex.baker.marketing_growth_lead.52@example.com,Alex,Baker,OrbitCo,Demand Gen Manager,Marketing / Growth Lead
emma.brown.marketing_growth_lead.53@example.com,Emma,Brown,SparkWorks,Growth Lead,Marketing / Growth Lead
julian.harris.marketing_growth_lead.54@example.com,Julian,Harris,NorthHouse,Content Marketing Lead,Marketing / Growth Lead
zoey.nelson.marketing_growth_lead.55@example.com,Zoey,Nelson,SummitCollective,Content Marketing Lead,Marketing / Growth Lead
harper.jackson.marketing_growth_lead.56@example.com,Harper,Jackson,MotionSignal,Growth Lead,Marketing / Growth Lead
lucas.jackson.marketing_growth_lead.57@example.com,Lucas,Jackson,WildSignal,Content Marketing Lead,Marketing / Growth Lead
grace.white.marketing_growth_lead.58@example.com,Grace,White,PixelCreative,Demand Gen Manager,Marketing / Growth Lead
ella.davis.marketing_growth_lead.59@example.com,Ella,Davis,OrbitFrame,Growth Lead,Marketing / Growth Lead
chloe.wright.marketing_growth_lead.60@example.com,Chloe,Wright,PixelLab,Growth Lead,Marketing / Growth Lead
emma.adams.marketing_growth_lead.61@example.com,Emma,Adams,BrightOrbit,Growth Lead,Marketing / Growth Lead
ella.davis.marketing_growth_lead.62@example.com,Ella,Davis,OrbitCollective,Content Marketing Lead,Marketing / Growth Lead
maya.taylor.marketing_growth_lead.63@example.com,Maya,Taylor,BlueFrame,Demand Gen Manager,Marketing / Growth Lead
sophia.martin.marketing_growth_lead.64@example.com,Sophia,Martin,StudioOrbit,Growth Lead,Marketing / Growth Lead
owen.green.marketing_growth_lead.65@example.com,Owen,Green,SignalOrbit,Demand Gen Manager,Marketing / Growth Lead
henry.allen.marketing_growth_lead.66@example.com,Henry,Allen,PixelStudio,Growth Lead,Marketing / Growth Lead
noah.brown.marketing_growth_lead.67@example.com,Noah,Brown,BlueOrbit,Growth Lead,Marketing / Growth Lead
ethan.wright.marketing_growth_lead.68@example.com,Ethan,Wright,AtelierFlow,Growth Lead,Marketing / Growth Lead
aria.baker.marketing_growth_lead.69@example.com,Aria,Baker,CraftLane,Demand Gen Manager,Marketing / Growth Lead
noah.lee.marketing_growth_lead.70@example.com,Noah,Lee,SignalFlow,Marketing Lead,Marketing / Growth Lead
daniel.white.marketing_growth_lead.71@example.com,Daniel,White,OrbitMedia,Growth Lead,Marketing / Growth Lead
chloe.green.marketing_growth_lead.72@example.com,Chloe,Green,RiverFrame,Content Marketing Lead,Marketing / Growth Lead
lucas.wilson.marketing_growth_lead.73@example.com,Lucas,Wilson,SignalStudio,Marketing Lead,Marketing / Growth Lead
benjamin.adams.marketing_growth_lead.74@example.com,Benjamin,Adams,OrbitStudio,Content Marketing Lead,Marketing / Growth Lead
noah.lewis.marketing_growth_lead.75@example.com,Noah,Lewis,PeakSignal,Growth Lead,Marketing / Growth Lead
hannah.allen.marketing_growth_lead.76@example.com,Hannah,Allen,StudioFlow,Demand Gen Manager,Marketing / Growth Lead
zoey.hall.marketing_growth_lead.77@example.com,Zoey,Hall,BlueLab,Content Marketing Lead,Marketing / Growth Lead
harper.moore.marketing_growth_lead.78@example.com,Harper,Moore,CraftOrbit,Marketing Lead,Marketing / Growth Lead
hannah.anderson.marketing_growth_lead.79@example.com,Hannah,Anderson,PeakSignal,Demand Gen Manager,Marketing / Growth Lead
layla.harris.marketing_growth_lead.80@example.com,Layla,Harris,NorthCo,Demand Gen Manager,Marketing / Growth Lead
lily.moore.marketing_growth_lead.81@example.com,Lily,Moore,PixelMedia,Marketing Lead,Marketing / Growth Lead
maya.moore.marketing_growth_lead.82@example.com,Maya,Moore,RiverWorks,Content Marketing Lead,Marketing / Growth Lead
harper.nelson.marketing_growth_lead.83@example.com,Harper,Nelson,SparkOrbit,Demand Gen Manager,Marketing / Growth Lead
oliver.jackson.marketing_growth_lead.84@example.com,Oliver,Jackson,PeakWorks,Marketing Lead,Marketing / Growth Lead
amelia.taylor.marketing_growth_lead.85@example.com,Amelia,Taylor,PixelCollective,Growth Lead,Marketing / Growth Lead
hannah.green.marketing_growth_lead.86@example.com,Hannah,Green,ShiftCreative,Marketing Lead,Marketing / Growth Lead
grace.green.marketing_growth_lead.87@example.com,Grace,Green,SummitHouse,Demand Gen Manager,Marketing / Growth Lead
lily.thomas.marketing_growth_lead.88@example.com,Lily,Thomas,OrbitLane,Demand Gen Manager,Marketing / Growth Lead
benjamin.young.marketing_growth_lead.89@example.com,Benjamin,Young,NorthWorks,Growth Lead,Marketing / Growth Lead
isabella.walker.marketing_growth_lead.90@example.com,Isabella,Walker,FrameGroup,Marketing Lead,Marketing / Growth Lead
sebastian.walker.marketing_growth_lead.91@example.com,Sebastian,Walker,AtelierFrame,Growth Lead,Marketing / Growth Lead
grace.smith.marketing_growth_lead.92@example.com,Grace,Smith,EchoCollective,Growth Lead,Marketing / Growth Lead
ella.walker.marketing_growth_lead.93@example.com,Ella,Walker,OrbitLane,Growth Lead,Marketing / Growth Lead
maya.white.marketing_growth_lead.94@example.com,Maya,White,MotionStudio,Growth Lead,Marketing / Growth Lead
maya.scott.marketing_growth_lead.95@example.com,Maya,Scott,FrameCreative,Content Marketing Lead,Marketing / Growth Lead
julian.anderson.marketing_growth_lead.96@example.com,Julian,Anderson,SignalCreative,Marketing Lead,Marketing / Growth Lead
oliver.lee.marketing_growth_lead.97@example.com,Oliver,Lee,NorthPartners,Demand Gen Manager,Marketing / Growth Lead
grace.garcia.marketing_growth_lead.98@example.com,Grace,Garcia,SummitFrame,Content Marketing Lead,Marketing / Growth Lead
zoey.allen.marketing_growth_lead.99@example.com,Zoey,Allen,AtelierStudio,Demand Gen Manager,Marketing / Growth Lead
sophia.taylor.marketing_growth_lead.100@example.com,Sophia,Taylor,BrightCreative,Demand Gen Manager,Marketing / Growth Lead
emma.lopez.marketing_growth_lead.101@example.com,Emma,Lopez,SignalBridge,Content Marketing Lead,Marketing / Growth Lead
harper.lopez.marketing_growth_lead.102@example.com,Harper,Lopez,AtelierSignal,Growth Lead,Marketing / Growth Lead
layla.allen.marketing_growth_lead.103@example.com,Layla,Allen,SummitMedia,Growth Lead,Marketing / Growth Lead
aria.allen.marketing_growth_lead.104@example.com,Aria,Allen,FramePartners,Growth Lead,Marketing / Growth Lead
hannah.scott.marketing_growth_lead.105@example.com,Hannah,Scott,SignalStudio,Content Marketing Lead,Marketing / Growth Lead
evelyn.davis.marketing_growth_lead.106@example.com,Evelyn,Davis,SummitLab,Demand Gen Manager,Marketing / Growth Lead
lily.baker.marketing_growth_lead.107@example.com,Lily,Baker,AtelierFlow,Growth Lead,Marketing / Growth Lead
elijah.walker.marketing_growth_lead.108@example.com,Elijah,Walker,BrightFrame,Content Marketing Lead,Marketing / Growth Lead
charlotte.lewis.marketing_growth_lead.109@example.com,Charlotte,Lewis,ShiftFlow,Content Marketing Lead,Marketing / Growth Lead
hannah.white.marketing_growth_lead.110@example.com,Hannah,White,SignalCreative,Demand Gen Manager,Marketing / Growth Lead
grace.garcia.marketing_growth_lead.111@example.com,Grace,Garcia,StudioCreative,Marketing Lead,Marketing / Growth Lead
scarlett.king.marketing_growth_lead.112@example.com,Scarlett,King,EchoStudio,Demand Gen Manager,Marketing / Growth Lead
liam.walker.marketing_growth_lead.113@example.com,Liam,Walker,FrameHouse,Demand Gen Manager,Marketing / Growth Lead
maya.johnson.marketing_growth_lead.114@example.com,Maya,Johnson,WildBridge,Growth Lead,Marketing / Growth Lead
leo.harris.marketing_growth_lead.115@example.com,Leo,Harris,OrbitStudio,Demand Gen Manager,Marketing / Growth Lead
sophia.clark.marketing_growth_lead.116@example.com,Sophia,Clark,FrameHouse,Demand Gen Manager,Marketing / Growth Lead
james.garcia.marketing_growth_lead.117@example.com,James,Garcia,BlueOrbit,Demand Gen Manager,Marketing / Growth Lead
ava.moore.marketing_growth_lead.118@example.com,Ava,Moore,LumenCollective,Marketing Lead,Marketing / Growth Lead
sophia.brown.marketing_growth_lead.119@example.com,Sophia,Brown,OrbitFrame,Content Marketing Lead,Marketing / Growth Lead
emma.green.marketing_growth_lead.120@example.com,Emma,Green,OrbitCollective,Growth Lead,Marketing / Growth Lead
oliver.white.marketing_growth_lead.121@example.com,Oliver,White,PixelLane,Marketing Lead,Marketing / Growth Lead
chloe.walker.marketing_growth_lead.122@example.com,Chloe,Walker,SignalCo,Growth Lead,Marketing / Growth Lead
zoey.lewis.marketing_growth_lead.123@example.com,Zoey,Lewis,EchoLane,Content Marketing Lead,Marketing / Growth Lead
lily.lee.marketing_growth_lead.124@example.com,Lily,Lee,OrbitBridge,Marketing Lead,Marketing / Growth Lead
daniel.lewis.marketing_growth_lead.125@example.com,Daniel,Lewis,ShiftPartners,Growth Lead,Marketing / Growth Lead
william.anderson.marketing_growth_lead.126@example.com,William,Anderson,NovaGroup,Demand Gen Manager,Marketing / Growth Lead
charlotte.garcia.marketing_growth_lead.127@example.com,Charlotte,Garcia,SparkMedia,Marketing Lead,Marketing / Growth Lead
emma.martin.marketing_growth_lead.128@example.com,Emma,Martin,OrbitCo,Content Marketing Lead,Marketing / Growth Lead
julian.wright.marketing_growth_lead.129@example.com,Julian,Wright,AtelierMedia,Demand Gen Manager,Marketing / Growth Lead
lily.king.marketing_growth_lead.130@example.com,Lily,King,PixelCreative,Marketing Lead,Marketing / Growth Lead
alex.taylor.marketing_growth_lead.131@example.com,Alex,Taylor,RiverOrbit,Growth Lead,Marketing / Growth Lead
amelia.wilson.marketing_growth_lead.132@example.com,Amelia,Wilson,BrightCo,Marketing Lead,Marketing / Growth Lead
sebastian.young.marketing_growth_lead.133@example.com,Sebastian,Young,ShiftSignal,Marketing Lead,Marketing / Growth Lead
evelyn.lewis.marketing_growth_lead.134@example.com,Evelyn,Lewis,PeakLane,Content Marketing Lead,Marketing / Growth Lead
emma.smith.marketing_growth_lead.135@example.com,Emma,Smith,ShiftCollective,Marketing Lead,Marketing / Growth Lead
mason.harris.marketing_growth_lead.136@example.com,Mason,Harris,StudioBridge,Demand Gen Manager,Marketing / Growth Lead
sebastian.lee.marketing_growth_lead.137@example.com,Sebastian,Lee,SignalCreative,Content Marketing Lead,Marketing / Growth Lead
henry.jackson.marketing_growth_lead.138@example.com,Henry,Jackson,OrbitSignal,Content Marketing Lead,Marketing / Growth Lead
james.baker.marketing_growth_lead.139@example.com,James,Baker,SignalCo,Content Marketing Lead,Marketing / Growth Lead
mila.king.marketing_growth_lead.140@example.com,Mila,King,AtelierWorks,Growth Lead,Marketing / Growth Lead
ethan.clark.marketing_growth_lead.141@example.com,Ethan,Clark,MotionMedia,Demand Gen Manager,Marketing / Growth Lead
nora.thomas.marketing_growth_lead.142@example.com,Nora,Thomas,ShiftCreative,Content Marketing Lead,Marketing / Growth Lead
lily.nelson.marketing_growth_lead.143@example.com,Lily,Nelson,SparkStudio,Content Marketing Lead,Marketing / Growth Lead
ethan.wright.marketing_growth_lead.144@example.com,Ethan,Wright,AtelierCreative,Content Marketing Lead,Marketing / Growth Lead
jack.lewis.marketing_growth_lead.145@example.com,Jack,Lewis,RiverFlow,Marketing Lead,Marketing / Growth Lead
daniel.white.marketing_growth_lead.146@example.com,Daniel,White,RiverSignal,Growth Lead,Marketing / Growth Lead
nora.baker.marketing_growth_lead.147@example.com,Nora,Baker,EchoGroup,Growth Lead,Marketing / Growth Lead
oliver.harris.marketing_growth_lead.148@example.com,Oliver,Harris,ShiftLane,Marketing Lead,Marketing / Growth Lead
zoey.allen.marketing_growth_lead.149@example.com,Zoey,Allen,WildGroup,Marketing Lead,Marketing / Growth Lead
mason.martinez.marketing_growth_lead.150@example.com,Mason,Martinez,SparkCollective,Marketing Lead,Marketing / Growth Lead
sophia.garcia.marketing_growth_lead.151@example.com,Sophia,Garcia,FramePartners,Demand Gen Manager,Marketing / Growth Lead
logan.lee.marketing_growth_lead.152@example.com,Logan,Lee,EchoGroup,Content Marketing Lead,Marketing / Growth Lead
benjamin.davis.marketing_growth_lead.153@example.com,Benjamin,Davis,NovaFlow,Growth Lead,Marketing / Growth Lead
ethan.brown.marketing_growth_lead.154@example.com,Ethan,Brown,PeakCreative,Growth Lead,Marketing / Growth Lead
zoey.green.marketing_growth_lead.155@example.com,Zoey,Green,WildOrbit,Growth Lead,Marketing / Growth Lead
sebastian.davis.marketing_growth_lead.156@example.com,Sebastian,Davis,NorthFlow,Growth Lead,Marketing / Growth Lead
zoey.johnson.marketing_growth_lead.157@example.com,Zoey,Johnson,StudioLab,Growth Lead,Marketing / Growth Lead
leo.walker.marketing_growth_lead.158@example.com,Leo,Walker,SparkGroup,Demand Gen Manager,Marketing / Growth Lead
noah.moore.marketing_growth_lead.159@example.com,Noah,Moore,BlueOrbit,Growth Lead,Marketing / Growth Lead
sebastian.moore.marketing_growth_lead.160@example.com,Sebastian,Moore,MotionLab,Marketing Lead,Marketing / Growth Lead
william.martinez.marketing_growth_lead.161@example.com,William,Martinez,LumenFlow,Marketing Lead,Marketing / Growth Lead
gabriel.davis.marketing_growth_lead.162@example.com,Gabriel,Davis,EchoOrbit,Content Marketing Lead,Marketing / Growth Lead
grace.allen.marketing_growth_lead.163@example.com,Grace,Allen,NorthSignal,Marketing Lead,Marketing / Growth Lead
leo.thomas.marketing_growth_lead.164@example.com,Leo,Thomas,EchoSignal,Marketing Lead,Marketing / Growth Lead
lily.thomas.marketing_growth_lead.165@example.com,Lily,Thomas,SignalCo,Growth Lead,Marketing / Growth Lead
william.king.marketing_growth_lead.166@example.com,William,King,BlueOrbit,Demand Gen Manager,Marketing / Growth Lead
leo.lee.marketing_growth_lead.167@example.com,Leo,Lee,RiverLane,Content Marketing Lead,Marketing / Growth Lead
maya.anderson.marketing_growth_lead.168@example.com,Maya,Anderson,WildFlow,Content Marketing Lead,Marketing / Growth Lead
layla.brown.marketing_growth_lead.169@example.com,Layla,Brown,OrbitCreative,Marketing Lead,Marketing / Growth Lead
oliver.moore.marketing_growth_lead.170@example.com,Oliver,Moore,BlueCo,Content Marketing Lead,Marketing / Growth Lead
grace.walker.marketing_growth_lead.171@example.com,Grace,Walker,ShiftFlow,Demand Gen Manager,Marketing / Growth Lead
chloe.wilson.marketing_growth_lead.172@example.com,Chloe,Wilson,BlueWorks,Growth Lead,Marketing / Growth Lead
nora.smith.marketing_growth_lead.173@example.com,Nora,Smith,NorthSignal,Content Marketing Lead,Marketing / Growth Lead
ella.johnson.marketing_growth_lead.174@example.com,Ella,Johnson,CraftGroup,Demand Gen Manager,Marketing / Growth Lead
owen.martinez.marketing_growth_lead.175@example.com,Owen,Martinez,BlueCo,Growth Lead,Marketing / Growth Lead
henry.anderson.marketing_growth_lead.176@example.com,Henry,Anderson,OrbitFlow,Marketing Lead,Marketing / Growth Lead
mila.martinez.marketing_growth_lead.177@example.com,Mila,Martinez,NovaPartners,Marketing Lead,Marketing / Growth Lead
jack.young.marketing_growth_lead.178@example.com,Jack,Young,StudioGroup,Demand Gen Manager,Marketing / Growth Lead
lily.garcia.marketing_growth_lead.179@example.com,Lily,Garcia,SummitCo,Marketing Lead,Marketing / Growth Lead
chloe.brown.marketing_growth_lead.180@example.com,Chloe,Brown,NovaCreative,Demand Gen Manager,Marketing / Growth Lead
william.adams.marketing_growth_lead.181@example.com,William,Adams,NovaCollective,Marketing Lead,Marketing / Growth Lead
sophia.anderson.marketing_growth_lead.182@example.com,Sophia,Anderson,AtelierCollective,Content Marketing Lead,Marketing / Growth Lead
zoey.king.marketing_growth_lead.183@example.com,Zoey,King,MotionStudio,Growth Lead,Marketing / Growth Lead
elijah.lewis.marketing_growth_lead.184@example.com,Elijah,Lewis,PeakPartners,Demand Gen Manager,Marketing / Growth Lead
owen.moore.marketing_growth_lead.185@example.com,Owen,Moore,SummitCo,Marketing Lead,Marketing / Growth Lead
aria.lewis.marketing_growth_lead.186@example.com,Aria,Lewis,NorthHouse,Marketing Lead,Marketing / Growth Lead
zoey.smith.marketing_growth_lead.187@example.com,Zoey,Smith,PixelLane,Growth Lead,Marketing / Growth Lead
mason.smith.marketing_growth_lead.188@example.com,Mason,Smith,RiverCo,Marketing Lead,Marketing / Growth Lead
zoey.baker.marketing_growth_lead.189@example.com,Zoey,Baker,SparkHouse,Marketing Lead,Marketing / Growth Lead
lily.martinez.marketing_growth_lead.190@example.com,Lily,Martinez,NovaCo,Marketing Lead,Marketing / Growth Lead
alex.lewis.marketing_growth_lead.191@example.com,Alex,Lewis,BrightCollective,Demand Gen Manager,Marketing / Growth Lead
james.white.marketing_growth_lead.192@example.com,James,White,FrameCreative,Growth Lead,Marketing / Growth Lead
emma.green.marketing_growth_lead.193@example.com,Emma,Green,PeakHouse,Growth Lead,Marketing / Growth Lead
gabriel.nelson.marketing_growth_lead.194@example.com,Gabriel,Nelson,AtelierWorks,Demand Gen Manager,Marketing / Growth Lead
aria.lee.marketing_growth_lead.195@example.com,Aria,Lee,SummitWorks,Demand Gen Manager,Marketing / Growth Lead
nora.nelson.marketing_growth_lead.196@example.com,Nora,Nelson,BluePartners,Marketing Lead,Marketing / Growth Lead
henry.adams.marketing_growth_lead.197@example.com,Henry,Adams,CraftCo,Content Marketing Lead,Marketing / Growth Lead
ava.martin.marketing_growth_lead.198@example.com,Ava,Martin,ShiftPartners,Growth Lead,Marketing / Growth Lead
hannah.johnson.marketing_growth_lead.199@example.com,Hannah,Johnson,OrbitFrame,Growth Lead,Marketing / Growth Lead
sophia.clark.marketing_growth_lead.200@example.com,Sophia,Clark,PeakOrbit,Growth Lead,Marketing / Growth Lead
